id	user_id	store_id	order_amount	delivery_charge	coupon_discount_amount	coupon_code	ref_bonus_amount	order_group_id
91418	1	12	96.55	1.00	39.00	QA3948P30	0.000	dfb3da92-34c0-4c2b-a3db-dcbc5ccf7b0a
91419	1	14	97.17	1.00	39.25	QA3948P30	0.000	dfb3da92-34c0-4c2b-a3db-dcbc5ccf7b0a
91422	1	12	96.55	1.00	39.00	QA3948CAP	0.000	fc1761b3-b1b2-485a-b647-686b1b0c8103
91423	1	14	137.38	0.00	0.00	QA3948CAP	0.000	fc1761b3-b1b2-485a-b647-686b1b0c8103
91426	1	12	137.50	1.00	0.00	NULL	0.000	5ffb289a-bd79-47d5-810a-d6fd75710c6f
91427	1	14	138.38	1.00	0.00	NULL	0.000	5ffb289a-bd79-47d5-810a-d6fd75710c6f
91428	1	14	22.00	1.00	0.00	NULL	0.000	NULL
91429	1	14	19.90	1.00	2.00	QA3948A2	0.000	NULL
91430	1	14	18.90	0.00	2.00	QA3948A2	0.000	NULL
91433	1	12	96.55	1.00	39.00	QA3948P30	0.000	fbbfb3dd-3c32-4a04-9a4e-65510c6c1f3e
91434	1	14	96.17	0.00	39.25	QA3948P30	0.000	fbbfb3dd-3c32-4a04-9a4e-65510c6c1f3e
91437	1	12	136.50	0.00	0.00	QA3948FDA	0.000	5c4d81e4-52c3-4a0a-9d12-d70ead5bb74e
91438	1	14	138.38	1.00	0.00	NULL	0.000	5c4d81e4-52c3-4a0a-9d12-d70ead5bb74e
91441	1	12	137.50	1.00	0.00	NULL	0.000	9e5cf4f0-713a-4b85-b6a7-faba37e1e99a
91442	1	14	137.38	0.00	0.00	QA3948FDMIN	0.000	9e5cf4f0-713a-4b85-b6a7-faba37e1e99a
91443	1	14	21.00	0.00	0.00	QA3948FDALL	0.000	NULL
91446	1	12	96.55	1.00	39.00	QA3948MALF	0.000	6a6f5a8d-9264-456d-94d5-49e2446b2eff
91447	1	14	137.38	0.00	0.00	NULL	0.000	6a6f5a8d-9264-456d-94d5-49e2446b2eff
91448	435	14	15.75	0.00	0.00	NULL	5.000	NULL
91487	1	12	96.55	1.00	39.00	QA3948SW	0.000	a226dc4f-9f3c-4702-81a5-44c4f0b29b73
91488	1	14	137.38	0.00	0.00	NULL	0.000	a226dc4f-9f3c-4702-81a5-44c4f0b29b73
