state,round,rep,status,time_total_s
u,0,1,400,0.056884
n,0,1,400,0.060455
w,0,1,400,0.055111
u,0,2,400,0.062331
n,0,2,400,0.055028
w,0,2,400,0.053242
u,0,3,400,0.064074
n,0,3,400,0.054809
w,0,3,400,0.054988
u,0,4,400,0.068288
n,0,4,400,0.052671
w,0,4,400,0.055996
u,1,1,400,0.059699
n,1,1,400,0.052412
w,1,1,400,0.056532
u,1,2,400,0.050037
n,1,2,400,0.060599
w,1,2,400,0.054326
u,1,3,400,0.051348
n,1,3,400,0.053631
w,1,3,400,0.054694
u,1,4,400,0.050006
n,1,4,400,0.053685
w,1,4,400,0.050811
u,2,1,400,0.056164
n,2,1,400,0.055711
w,2,1,400,0.057359
u,2,2,400,0.053841
n,2,2,400,0.054281
w,2,2,400,0.057151
u,2,3,400,0.053364
n,2,3,400,0.050925
w,2,3,400,0.053265
u,2,4,400,0.053999
n,2,4,400,0.052527
w,2,4,400,0.051810
u,3,1,400,0.052361
n,3,1,400,0.054368
w,3,1,400,0.052915
u,3,2,400,0.053478
n,3,2,400,0.053282
w,3,2,400,0.053099
u,3,3,400,0.053441
n,3,3,400,0.056922
w,3,3,400,0.055520
u,3,4,400,0.050810
n,3,4,400,0.133097
w,3,4,400,0.052754
u,4,1,400,0.054760
n,4,1,400,0.055088
w,4,1,400,0.056852
u,4,2,400,0.049133
n,4,2,400,0.051855
w,4,2,400,0.055856
u,4,3,400,0.054645
n,4,3,400,0.057959
w,4,3,400,0.053859
u,4,4,400,0.051289
n,4,4,400,0.044505
w,4,4,400,0.049086
u,5,1,400,0.052251
n,5,1,400,0.052732
w,5,1,400,0.054790
u,5,2,400,0.051037
n,5,2,400,0.051373
w,5,2,400,0.054477
u,5,3,400,0.072225
n,5,3,400,0.053672
w,5,3,400,0.058672
u,5,4,400,0.050818
n,5,4,400,0.052434
w,5,4,400,0.051333
u,6,1,400,0.055327
n,6,1,400,0.055411
w,6,1,400,0.055127
u,6,2,400,0.053920
n,6,2,400,0.052457
w,6,2,400,0.051800
u,6,3,400,0.054148
n,6,3,400,0.051808
w,6,3,400,0.050957
u,6,4,400,0.059176
n,6,4,400,0.052864
w,6,4,400,0.052802
u,7,1,400,0.064339
n,7,1,400,0.053178
w,7,1,400,0.053541
u,7,2,400,0.050945
n,7,2,400,0.051467
w,7,2,400,0.052345
u,7,3,400,0.048603
n,7,3,400,0.051236
w,7,3,400,0.051262
u,7,4,400,0.050643
n,7,4,400,0.054358
w,7,4,400,0.052827
