test/baseline/location/location_address_save_flow_baseline_test.dart	0	+6		
test/baseline/location/location_entry_point_routes_baseline_test.dart	0	+40		
test/baseline/location/location_facade_scope_baseline_test.dart	0	+10		
test/baseline/location/location_permission_gps_baseline_test.dart	0	+24		
test/baseline/location/location_permission_sequence_baseline_test.dart	0	+33		
test/baseline/location/location_route_outcome_baseline_test.dart	0	+20		
test/baseline/location/location_selection_requests_baseline_test.dart	0	+24		
test/baseline/location/location_suggestion_fanout_baseline_test.dart	0	+23		
test/baseline/location/location_update_ids_source_baseline_test.dart	0	+13		
test/baseline/location/location_zone_effects_baseline_test.dart	0	+19		
test/baseline/location/location_zone_overlay_baseline_test.dart	0	+12		
test/baseline/location/location_zone_sync_baseline_test.dart	0	+11		
test/baseline/location/pick_map_entry_state_baseline_test.dart	0	+5		
test/baseline/launch_module/module_facade_scope_baseline_test.dart	0	+31		
test/baseline/launch_module/module_header_order_baseline_test.dart	0	+48		
test/baseline/launch_module/module_home_wiring_source_baseline_test.dart	0	+31		
test/baseline/launch_module/module_launch_arms_baseline_test.dart	0	+75		
test/baseline/launch_module/module_launch_destination_baseline_test.dart	0	+27		
test/baseline/launch_module/module_list_events_baseline_test.dart	0	+29		
test/baseline/launch_module/module_list_load_baseline_test.dart	0	+39		
test/baseline/launch_module/module_seen_state_baseline_test.dart	0	+70		
test/baseline/launch_module/module_select_entries_baseline_test.dart	0	+36		
test/baseline/launch_module/module_set_module_baseline_test.dart	0	+34		
test/baseline/launch_module/module_switch_module_baseline_test.dart	0	+25		
test/baseline/launch_module/module_update_ids_source_baseline_test.dart	0	+15		
test/golden/baseline_location_golden_test.dart	0	+11		
test/baseline/golden_manifest_check_test.dart	0	+5		
test/features/location/location_controller_part1_test.dart	0	+32		
test/features/location/location_controller_part2_test.dart	0	+18		
test/features/location/location_controller_part3_test.dart	0	+24		
test/features/location/location_controller_part4_test.dart	0	+17		
test/features/location/location_controller_part5_test.dart	0	+12		
test/features/location/location_get_zone_non_json_200_test.dart	0	+2		
test/features/location/location_permission_flow_test.dart	0	+74		
test/features/location/location_permission_dialog_pops_test.dart	0	+9		
test/features/location/location_permission_entry_points_test.dart	0	+18		
DONE
test/baseline/auth/social_login_baseline_test.dart	0	+19		
test/baseline/browse/home_module_fanout_baseline_test.dart	0	+17		
test/baseline/registration/delivery_partner_journey_draft_submit_baseline_test.dart	0	+22		
test/baseline/registration/delivery_partner_journey_steps_baseline_test.dart	0	+13		
test/baseline/registration/delivery_partner_registration_journey_baseline_test.dart	0	+8		
test/baseline/registration/vendor_journey_draft_requests_baseline_test.dart	0	+14		
test/features/auth/delivery_partner_registration_journey_screen_test.dart	0	+10		
test/features/auth/deliveryman_registration_journey_controller_test.dart	0	+21		
test/features/auth/deliveryman_registration_zone_sentinel_test.dart	0	+3		
test/features/auth/registration_screens_render_test.dart	0	+12		
test/features/auth/select_location_fullscreen_control_a11y_test.dart	0	+30		
test/features/auth/select_location_map_restores_on_remount_test.dart	0	+19		
test/features/auth/select_location_zone_preserved_on_fullscreen_test.dart	0	+4		
test/features/auth/select_location_zone_survives_step_back_test.dart	0	+3		
test/features/auth/store_registration_back_reentrancy_test.dart	0	+2		
test/features/auth/store_registration_chip_rtl_test.dart	0	+1		
test/features/auth/store_registration_controller_test.dart	0	+6		
test/features/auth/store_registration_desktop_submit_blocks_test.dart	0	+12		
test/features/auth/store_registration_module_cue_test.dart	0	+5		
test/features/auth/store_registration_module_loading_error_test.dart	0	+12		
test/features/auth/store_registration_screen_dispose_test.dart	0	+6		
test/features/auth/store_registration_setlocation_request_token_test.dart	0	+1		
test/features/auth/store_registration_zone_sentinel_test.dart	0	+4		
test/features/auth/vendor_registration_journey_controller_test.dart	0	+24		
test/features/auth/vendor_registration_journey_screen_test.dart	0	+9		
test/features/checkout/checkout_abandoned_cleanup_gate_test.dart	0	+4		
test/features/checkout/checkout_double_submit_guard_group_test.dart	0	+3		
test/features/checkout/checkout_double_submit_guard_test.dart	0	+3		
test/features/checkout/checkout_schedule_slot_boundary_test.dart	0	+4		
test/features/checkout/checkout_unconfirmed_add_gate_test.dart	0	+4		
test/features/checkout/checkout_use_my_location_loader_lifecycle_test.dart	0	+4		
test/features/checkout/checkout_zone_guard_test.dart	0	+17		
test/features/checkout/checkout_zone_refresh_transport_test.dart	0	+7		
test/features/checkout/delivery_section_address_resolve_gate_test.dart	0	+6		
test/features/checkout/guest_delivery_address_edit_fee_refresh_test.dart	0	+5		
test/features/checkout/guest_delivery_address_loader_test.dart	0	+3		
test/features/checkout/guest_delivery_address_resolve_gate_test.dart	0	+10		
test/features/home/buy_it_again_module_switch_test.dart	0	+1		
test/features/home/home_controller_cold_open_salvage_test.dart	0	+4		
test/features/home/home_controller_flash_sale_gate_test.dart	0	+10		
test/features/home/home_controller_load_data_catch_test.dart	0	+5		
test/features/home/home_controller_module_toctou_guard_test.dart	0	+19		
test/features/home/home_controller_pin_test.dart	0	+6		
test/features/home/home_controller_rental_no_gate_test.dart	0	+7		
test/features/home/module_view_zone_change_reset_test.dart	0	+5		
test/features/location/access_location_connectivity_race_test.dart	0	+5		
test/features/location/access_location_guest_panel_pinned_test.dart	0	+4		
test/features/location/access_location_pickmap_route_test.dart	0	+3		
test/features/location/access_location_popscope_test.dart	0	+2		
test/features/location/access_location_skeleton_test.dart	0	+9		
test/features/location/check_location_active_test.dart	0	+10		
test/features/location/check_permission_late_location_check_test.dart	0	+1		
test/features/location/connectivity_retry_screen_test.dart	0	+4		
test/features/location/destination_decision_test.dart	0	+37		
test/features/location/guest_auth_funnel_panel_test.dart	0	+4		
test/features/location/launch_location_decision_test.dart	0	+16		
test/features/location/location_abort_rollback_test.dart	0	+2		
test/features/location/location_clear_personal_data_test.dart	0	+2		
test/features/location/location_controller_suggestion_zone_filter_test.dart	0	+16		
test/features/location/location_permission_timeout_nears_3583_test.dart	0	+29		
test/features/location/location_repository_geocode_offline_test.dart	0	+8		
test/features/location/location_repository_zone_logging_test.dart	0	+4		
test/features/location/location_service_ad1_fallback_ladder_test.dart	0	+5		
test/features/location/location_service_animatecamera_guard_test.dart	0	+3		
test/features/location/location_service_configure_firebase_messaging_guard_test.dart	0	+2		
test/features/location/location_service_get_address_from_geocode_test.dart	0	+3		
test/features/location/location_service_get_position_failure_test.dart	0	+2		
test/features/location/location_service_last_known_position_test.dart	0	+5		
test/features/location/location_service_search_location_malformed_body_test.dart	0	+5		
test/features/location/location_settings_selection_test.dart	0	+2		
test/features/location/map_screen_fallback_bounds_test.dart	0	+3		
test/features/location/map_screen_loading_overlay_test.dart	0	+1		
test/features/location/map_screen_watchdog_test.dart	0	+2		
test/features/location/pick_map_save_location_nears_3792_test.dart	0	+55		
test/features/location/pick_map_screen_a11y_test.dart	0	+2		
test/features/location/pick_map_screen_desktop_overflow_test.dart	0	+1		
test/features/location/pick_map_screen_rtl_test.dart	0	+4		
test/features/location/pick_map_screen_splash_guard_test.dart	0	+5		
test/features/location/pick_map_screen_uiux_nears_3583_test.dart	0	+27		
test/features/location/pick_map_screen_zoom_label_test.dart	0	+2		
test/features/location/pick_map_zone_overlay_test.dart	0	+10		
test/features/location/prediction_model_identity_test.dart	0	+7		
test/features/location/prediction_model_parity_test.dart	0	+67		
test/features/location/search_location_suggestion_selected_test.dart	0	+9		
test/features/location/search_location_widget_test.dart	0	+15		
test/features/location/unserved_location_copy_nears_3793_pin_test.dart	0	+3		
test/features/location/zone_lite_model_test.dart	0	+2		
test/features/splash/module_controller_zone_settled_test.dart	0	+7		
test/features/splash/splash_location_prefetch_order_test.dart	0	+6		
test/helper/destination_resolver_test.dart	0	+14		
test/helper/route_helper_check_module_id_tapped_address_zone_test.dart	0	+5		
DONE
test/features/location/location_zone_resolution_characterization_test.dart	0	+25		
DONE
