test/baseline/location/location_address_save_flow_baseline_test.dart	0	00:02 +6: All tests passed!            
test/baseline/location/location_entry_point_routes_baseline_test.dart	0	00:03 +40: All tests passed!          
test/baseline/location/location_facade_scope_baseline_test.dart	0	00:01 +10: All tests passed!                
test/baseline/location/location_permission_gps_baseline_test.dart	0	00:02 +24: All tests passed!              
test/baseline/location/location_permission_sequence_baseline_test.dart	0	00:02 +33: All tests passed!         
test/baseline/location/location_route_outcome_baseline_test.dart	0	00:02 +20: All tests passed!               
test/baseline/location/location_selection_requests_baseline_test.dart	0	00:02 +24: All tests passed!          
test/baseline/location/location_suggestion_fanout_baseline_test.dart	0	00:02 +23: All tests passed!           
test/baseline/location/location_update_ids_source_baseline_test.dart	0	00:02 +13: All tests passed!           
test/baseline/location/location_zone_effects_baseline_test.dart	0	00:05 +19: All tests passed!                
test/baseline/location/location_zone_overlay_baseline_test.dart	0	00:01 +12: All tests passed!                
test/baseline/location/location_zone_sync_baseline_test.dart	0	00:02 +11: All tests passed!                   
test/baseline/location/pick_map_entry_state_baseline_test.dart	0	00:01 +5: All tests passed!                  
test/baseline/launch_module/module_facade_scope_baseline_test.dart	0	00:02 +31: All tests passed!             
test/baseline/launch_module/module_header_order_baseline_test.dart	0	00:02 +48: All tests passed!             
test/baseline/launch_module/module_home_wiring_source_baseline_test.dart	0	00:04 +31: All tests passed!       
test/baseline/launch_module/module_launch_arms_baseline_test.dart	0	00:02 +75: All tests passed!              
test/baseline/launch_module/module_launch_destination_baseline_test.dart	0	00:01 +27: All tests passed!       
test/baseline/launch_module/module_list_events_baseline_test.dart	0	00:02 +29: All tests passed!              
test/baseline/launch_module/module_list_load_baseline_test.dart	0	00:01 +39: All tests passed!                
test/baseline/launch_module/module_seen_state_baseline_test.dart	0	01:18 +70: All tests passed!               
test/baseline/launch_module/module_select_entries_baseline_test.dart	0	00:02 +36: All tests passed!           
test/baseline/launch_module/module_set_module_baseline_test.dart	0	00:01 +34: All tests passed!               
test/baseline/launch_module/module_switch_module_baseline_test.dart	0	00:02 +25: All tests passed!            
test/baseline/launch_module/module_update_ids_source_baseline_test.dart	0	00:02 +15: All tests passed!        
test/features/location/access_location_connectivity_race_test.dart	0	00:06 +5: All tests passed!              
test/features/location/access_location_pickmap_route_test.dart	0	00:02 +3: All tests passed!                  
test/features/location/access_location_popscope_test.dart	0	00:02 +2: All tests passed!                       
test/features/location/check_permission_late_location_check_test.dart	0	00:01 +1: All tests passed!           
test/features/location/destination_decision_test.dart	0	00:01 +37: All tests passed!                          
test/features/location/launch_location_decision_test.dart	0	00:01 +16: All tests passed!                      
test/features/location/location_abort_rollback_test.dart	0	00:02 +2: All tests passed!                        
test/features/location/location_clear_personal_data_test.dart	0	00:01 +2: All tests passed!                   
test/features/location/location_controller_part1_test.dart	0	00:02 +32: All tests passed!                     
test/features/location/location_controller_part2_test.dart	0	00:01 +18: All tests passed!                     
test/features/location/location_controller_part3_test.dart	0	00:01 +24: All tests passed!                     
test/features/location/location_controller_part4_test.dart	0	00:02 +17: All tests passed!                     
test/features/location/location_controller_part5_test.dart	0	00:01 +12: All tests passed!                     
test/features/location/location_permission_timeout_nears_3583_test.dart	0	00:02 +29: All tests passed!        
test/features/location/pick_map_save_location_nears_3792_test.dart	0	00:03 +55: All tests passed!             
test/features/location/pick_map_screen_a11y_test.dart	0	00:02 +2: All tests passed!                           
test/features/location/pick_map_screen_desktop_overflow_test.dart	0	00:02 +1: All tests passed!               
test/features/location/pick_map_screen_rtl_test.dart	0	00:02 +4: All tests passed!                            
test/features/location/pick_map_screen_splash_guard_test.dart	0	00:01 +5: All tests passed!                   
test/features/location/pick_map_screen_uiux_nears_3583_test.dart	0	00:03 +27: All tests passed!               
test/features/location/pick_map_screen_zoom_label_test.dart	0	00:02 +2: All tests passed!                     
test/features/location/pick_map_zone_overlay_test.dart	0	00:01 +10: All tests passed!                         
test/features/location/search_location_suggestion_selected_test.dart	0	00:02 +9: All tests passed!            
test/golden/baseline_location_golden_test.dart	0	00:03 +11: All tests passed!                                 
test/baseline/golden_manifest_check_test.dart	0	00:01 +5: All tests passed!                                   
DONE
test/features/location/location_permission_flow_test.dart	0	00:06 +74: All tests passed!                      
test/features/location/location_permission_dialog_pops_test.dart	0	00:02 +9: All tests passed!                
test/features/location/location_permission_entry_points_test.dart	0	00:02 +18: All tests passed!              
DONE
test/features/location/location_permission_flow_test.dart	0	00:02 +74: All tests passed!                      
test/features/location/location_permission_dialog_pops_test.dart	0	00:02 +9: All tests passed!                
test/features/location/location_permission_entry_points_test.dart	0	00:02 +18: All tests passed!              
DONE
test/features/location/location_permission_flow_test.dart	0	00:02 +74: All tests passed!                      
test/features/location/location_permission_dialog_pops_test.dart	0	00:02 +9: All tests passed!                
test/features/location/location_permission_entry_points_test.dart	0	00:02 +18: All tests passed!              
DONE
